code,name,enerc_kcal,protcnt_g,choavldf_g,fatce_g,fibtg_g,fsugar_g
A001,"Amaranth seed, black",356.1,14.59,59.98,5.74,7.02,0.88
A002,"Amaranth seed, pale brown",355.9,13.27,61.46,5.56,7.47,0.8
A003,Bajra,348.0,10.96,61.78,5.43,11.49,0.81
A004,Barley,315.7,10.94,61.29,1.3,15.64,0.06
A005,Jowar,334.1,9.97,67.68,1.73,10.22,1.27
A006,"Maize, dry",334.1,8.8,64.77,3.77,12.24,1.66
A007,"Maize, tender, local",120.0,3.57,22.69,1.4,3.67,1.47
A008,"Maize, tender, sweet",96.8,4.16,16.42,1.35,3.3,4.67
A009,Quinoa,328.4,13.11,53.65,5.5,14.66,1.41
A010,Ragi,320.7,7.16,66.82,1.92,11.18,0.34
A011,Rice flakes,353.7,7.44,76.75,1.14,3.46,0.34
A012,Rice puffed,361.9,7.47,77.68,1.62,2.56,0.64
A013,"Rice, raw, brown",353.7,9.16,74.8,1.24,4.43,0.69
A014,"Rice, parboiled, milled",351.6,7.81,77.16,0.55,3.74,0.67
A015,"Rice, raw, milled",356.4,7.94,78.24,0.52,2.81,0.69
A016,Samai,346.3,10.13,65.55,3.89,7.72,0.37
A017,Varagu,331.7,8.92,66.19,2.55,6.39,1.29
A018,"Wheat flour, refined",351.8,10.36,74.27,0.76,2.76,1.79
A019,"Wheat flour, atta",320.3,10.57,64.17,1.53,11.36,1.8
A020,"Wheat, whole",321.9,10.59,64.72,1.47,11.23,1.77
A021,"Wheat, bulgur",341.8,10.84,69.06,1.45,8.81,1.2
A022,"Wheat, semolina",333.7,11.38,68.43,0.74,9.72,1.65
A023,"Wheat, vermicelli",332.7,9.7,70.39,0.45,9.28,1.68
A024,"Wheat, vermicelli, roasted",340.1,10.37,71.42,0.49,9.55,2.14
B001,"Bengal gram, dal",329.1,21.55,46.72,5.31,15.15,1.03
B002,"Bengal gram, whole",287.0,18.77,39.56,5.11,25.22,0.99
B003,"Black gram, dal",324.1,23.06,51,1.69,11.93,0.84
B004,"Black gram, whole",291.3,21.97,43.99,1.58,20.41,0.45
B005,"Cowpea, brown",320.3,20.36,54.62,1.15,11.54,1.6
B006,"Cowpea, white",320.3,21.25,53.77,1.14,11.7,1.18
B007,"Field bean, black",276.1,19.93,43.46,0.92,23.4,1.15
B008,"Field bean, brown",283.0,19.9,45.24,0.98,22.4,1.17
B009,"Field bean, white",280.4,19.84,44.53,0.94,22.99,1.07
B010,"Green gram, dal",325.8,23.88,52.59,1.35,9.37,0.95
B011,"Green gram, whole",293.7,22.53,46.13,1.14,17.04,0.54
B012,"Horse gram, whole",329.6,21.73,57.24,0.62,7.88,0.35
B013,Lentil dal,322.4,24.35,52.53,0.75,10.43,1.95
B014,"Lentil whole, brown",299.0,22.49,48.47,0.64,16.82,1.63
B015,"Lentil whole, yellowish",297.8,22.87,47.91,0.61,16.66,1.5
B016,Moth bean,308.6,19.75,52.09,1.76,15.12,1.36
B017,"Peas, dry",303.3,20.43,48.93,1.89,17.01,2.03
B018,"Rajmah, black",298.0,19.01,49.59,1.62,17.74,2.02
B019,"Rajmah, brown",297.6,19.5,48.83,1.68,16.95,2.27
B020,"Rajmah, red",299.2,19.91,48.61,1.77,16.57,1.52
B021,"Red gram, dal",330.8,21.7,55.23,1.56,9.06,2.08
B022,"Red gram, whole",273.9,20.47,42.48,1.38,22.84,1.3
B023,Ricebean,302.3,19.97,51.26,0.74,13.37,1.33
B024,"Soya bean, brown",381.5,35.58,12.79,19.82,21.55,2.51
B025,"Soya bean, white",377.4,37.8,10.16,19.42,22.63,2.2
C001,Agathi leaves,70.5,8.01,5.21,1.35,8.6,0.23
C002,"Amaranth leaves, green",30.6,3.29,2.28,0.65,4.41,0.32
C003,"Amaranth leaves, red mix",33.5,3.93,2.37,0.63,4.91,0.28
C004,"Amaranth leaves, red and green mix",31.5,3.09,2.87,0.53,4.6,0.15
C005,"Amaranth spinosus, leaves, green mix",26.3,3.54,1.61,0.36,5.1,0.14
C006,"Amaranth spinosus, leaves, red and green mix",23.7,2.8,1.45,0.34,5.57,0.13
C007,Basella leaves,19.6,1.57,2.01,0.45,2.21,0.02
C008,Bathua leaves,27.7,2.5,2.56,0.44,4.01,0.52
C009,Beet greens,34.7,2.38,3.86,0.75,3.64,0.13
C010,"Betel leaves, big (kolkata)",48.3,2.51,7.37,0.75,2.12,0.37
C011,"Betel leaves, small",43.7,2.62,6.16,0.75,1.97,0.4
C012,Brussels sprouts,44.2,4.26,5.09,0.5,4.29,0.17
C013,"Cabbage, Chinese",17.9,1.58,2.36,0.13,2.01,0.42
C014,"Cabbage, collard greens",30.1,3.63,2.79,0.27,2.98,0.76
C015,"Cabbage, green",21.5,1.36,3.25,0.12,2.76,1
C016,"Cabbage, violet",23.2,1.39,3.54,0.21,2.21,0.8
C017,Cauliflower leaves,35.4,3.9,3.39,0.42,3.43,0.61
C018,"Colocasia leaves, green",43.5,3.42,3.69,1.38,5.6,0.63
C019,Drumstick leaves,67.4,6.41,5.62,1.64,8.21,0.02
C020,Fenugreek leaves,34.4,3.68,2.17,0.83,4.9,0.88
C021,Garden cress,49.7,5.62,4.48,0.8,2.6,0.92
C022,"Gogu leaves, green",36.3,1.86,4.06,1.09,4.59,0.01
C023,"Gogu leaves, red",36.6,1.85,4.24,1.07,3.89,0.01
C024,"Knol-Khol, leaves",42.5,3.12,6.16,0.35,2.76,0.1
C025,Lettuce,21.7,1.54,3.01,0.27,1.79,0.22
C026,Mustard leaves,30.4,3.52,2.41,0.51,3.92,0.04
C027,Pak Choi leaves,16.0,1.41,1.78,0.25,1.91,0.52
C028,Parsley,72.9,5.55,9.43,1.14,3.87,0.69
C029,Ponnaganni,50.9,5.29,5.17,0.71,6.74,0.44
C030,"Pumpkin leaves, tender",44.2,4.21,4.75,0.74,2.25,0.1
C031,Radish leaves,26.1,2.22,2.77,0.51,1.82,0.29
C032,Rumex leaves,19.6,1.62,2.33,0.33,1.27,0.45
C033,Spinach,24.4,2.14,2.05,0.64,2.38,0.24
C034,"Tamarind leaves, tender",71.5,5.84,10.04,0.49,10.7,0.17
D001,Ash gourd,17.4,0.79,2.84,0.14,3.37,0.19
D002,"Bamboo shoot, tender",16.3,1.33,1.67,0.35,1.55,0.09
D003,"Bean scarlet, tender",42.8,2.86,5.16,0.99,4.5,1.03
D004,"Bitter gourd, jagged, teeth ridges, elongate",20.8,1.44,2.82,0.24,3.78,0.04
D005,"Bitter gourd, jagged, teeth ridges, short",18.9,1.34,2.53,0.24,3.49,0.06
D006,"Bitter gourd, jagged, smooth ridges, elongate",19.4,1.61,2.29,0.26,3.72,0.08
D007,"Bottle gourd, elongate, pale green",11.0,0.53,1.68,0.13,2.12,0.36
D008,"Bottle gourd, round, pale green",13.6,0.42,2.53,0.12,2.1,0.34
D009,"Bottle gourd, elongate, dark green",12.9,0.49,2.25,0.13,2.11,0.39
D010,Brinjal-1,27.2,1.77,3.49,0.39,3.57,0.88
D011,Brinjal-2,23.7,1.82,2.71,0.34,4.01,0.98
D012,Brinjal-3,24.4,1.36,3.38,0.33,4.26,0.93
D013,Brinjal-4,23.9,1.51,3.19,0.31,4.04,0.86
D014,Brinjal-5,26.5,1.38,4.02,0.29,4.13,0.99
D015,Brinjal-6,23.2,1.46,3.29,0.29,3.68,1
D016,Brinjal-7,23.4,1.4,3.1,0.37,3.32,1.38
D017,Brinjal-8,28.0,1.82,3.75,0.33,4.01,0.79
D018,Brinjal-9,25.3,1.47,3.52,0.35,4,0.91
D019,Brinjal-10,27.7,1.68,4.08,0.25,3.9,0.86
D020,Brinjal-11,25.1,1.43,3.53,0.31,4.12,1.05
D021,Brinjal-12,22.2,1.6,2.73,0.27,3.89,1.22
D022,Brinjal-13,29.6,1.49,4.51,0.31,3.92,1.15
D023,Brinjal-14,25.3,1.56,3.27,0.35,3.87,0.88
D024,Brinjal-15,27.2,1.58,3.96,0.29,3.99,0.82
D025,Brinjal-16,24.6,1.26,3.46,0.34,3.74,0.99
D026,Brinjal-17,21.7,1.18,2.89,0.36,3.94,0.85
D027,Brinjal-18,27.7,1.47,4.1,0.33,4.38,1.44
D028,Brinjal-19,23.9,1.26,3.39,0.31,3.97,0.96
D029,Brinjal-20,23.7,1.44,3.15,0.34,3.73,0.76
D030,Brinjal-21,27.0,1.36,3.93,0.35,3.85,0.93
D031,Brinjal - all varieties,25.3,1.48,3.52,0.32,3.98,0.97
D032,Broad beans,29.4,3.85,2.11,0.15,8.63,1.22
D033,"Capsicum, green",16.3,1.11,1.84,0.34,2.06,0.86
D034,"Capsicum, red",19.8,1.47,2.14,0.47,2.19,0.93
D035,"Capsicum, yellow",18.6,1.35,1.95,0.41,2.19,0.97
D036,Cauliflower,22.9,2.15,2.03,0.44,3.71,0.47
D037,Celery stalk,16.5,0.98,2.33,0.24,2.09,0.75
D038,Cho-cho-marrow,18.9,0.66,3.47,0.15,1.55,0.76
D039,Cluster beans,40.2,3.55,4.91,0.37,4.83,0.12
D040,"Colocasia, stem, black",23.9,0.76,3.83,0.34,3.01,0.53
D041,"Colocasia, stem, green",19.4,0.91,2.86,0.22,2.33,0.25
D042,"Corn, Baby",73.1,2.69,11.66,1.33,6.09,0.49
D043,"Cucumber, green, elongate",19.6,0.71,3.48,0.16,2.14,0.27
D044,"Cucumber, green, short",17.4,0.83,2.82,0.18,2.13,0.21
D045,"Cucumber, orange, round",19.6,0.98,3.01,0.24,2.46,0.22
D046,Drumstick,29.4,2.62,3.76,0.12,6.83,1.47
D047,"Field beans, tender, broad",30.8,3.06,2.75,0.64,5.64,0.95
D048,"Field beans, tender, lean",33.5,3.71,2.85,0.6,6.19,0.76
D049,"French beans, country",24.4,2.49,2.68,0.26,4.38,1.06
D050,"French beans, hybrid",22.2,2.12,2.63,0.19,4.18,1
D051,"Jack fruit, raw",26.3,1.98,3.48,0.35,7.69,2.02
D052,"Jack fruit, seed, mature",77.0,5.79,11.81,0.44,8.63,2.23
D053,Knol - Khol,16.0,1.58,1.39,0.35,2.75,0.43
D054,"Kovai, big",17.4,1.39,2.01,0.24,3,0.98
D055,"Kovai, small",19.1,1.22,2.41,0.24,3.25,1.07
D056,Ladies finger,27.5,2.08,3.62,0.22,4.08,0.48
D057,"Mango, green, raw",49.0,0.69,10.59,0.08,3.01,2.42
D058,"Onion, stalk",25.6,2.07,2.99,0.26,5.21,0.41
D059,"Papaya, raw",23.9,0.5,4.4,0.23,2.28,3.63
D060,Parwar,24.1,1.4,3.54,0.3,2.61,0.37
D061,"Peas, fresh",81.3,7.25,11.88,0.13,6.32,0.97
D062,"Plantain, flower",21.3,1.47,2.15,0.63,5.25,0.17
D063,"Plantain, green",79.8,1.18,17.58,0.23,3.6,0.86
D064,"Plantain, stem",39.4,0.35,8.64,0.16,2.12,0.65
D065,"Pumpkin, green, cylindrical",24.6,0.87,4.22,0.18,2.53,2.9
D066,"Pumpkin, orange, round",23.2,0.84,4,0.16,2.56,2.97
D067,"Red gram, tender, fresh",124.3,8.09,19.46,0.92,5.9,0.55
D068,Ridge gourd,13.1,0.91,1.72,0.14,1.81,0.62
D069,"Ridge gourd, smooth skin",15.3,0.98,2.24,0.13,1.85,0.41
D070,"Snake gourd, long, pale green",12.4,0.98,1.27,0.25,2.27,0.42
D071,"Snake gourd, long, dark green",12.0,0.89,1.23,0.25,2.27,0.45
D072,"Snake gourd, short",14.6,0.54,2.15,0.26,2.29,0.46
D073,"Tinda, tender",13.9,1.02,1.9,0.17,2,0.44
D074,"Tomato, green",20.8,1.12,3.18,0.27,1.62,0.83
D075,"Tomato, ripe, hybrid",18.9,0.76,3.2,0.25,1.58,1.82
D076,"Tomato, ripe, local",19.6,0.9,2.71,0.47,1.77,1.34
D077,"Zucchini, green",20.1,1.1,2.33,0.51,2.3,0.14
D078,"Zucchini, yellow",18.9,1.31,2.2,0.44,1.84,0.29
E001,"Apple, big",62.4,0.29,13.11,0.64,2.59,9.53
E002,"Apple, green",51.1,0.46,10.65,0.5,2.54,8.39
E003,"Apple, small",63.8,0.31,13.95,0.53,2.06,9.8
E004,"Apple, small, Kashmir",64.3,0.27,13.99,0.6,2.07,9.15
E005,"Apricot, dried",315.7,3.17,72.63,0.74,3.32,25.72
E006,"Apricot, processed",56.4,1.47,10.93,0.64,0.59,4.36
E007,Avocado fruit,144.4,2.95,1.75,13.86,6.69,1.65
E008,Bael fruit,136.0,2.63,28.21,0.57,6.31,16.35
E009,"Banana, ripe, montham",110.7,1.25,24.95,0.32,2.21,14.9
E010,"Banana, ripe, poovam",106.4,1.49,23.41,0.35,2.33,12.54
E011,"Banana, ripe, red",111.6,1.29,25.21,0.29,1.98,14.57
E012,"Banana, ripe, robusta",105.2,1.23,23.63,0.33,1.94,13.65
E013,Black berry,54.3,0.92,10.64,0.63,4.35,7.61
E014,"Cherries, red",59.8,1.49,11.87,0.46,2.12,10.72
E015,"Currants, black",54.3,1.51,9.93,0.53,4.07,6.33
E016,Custard apple,98.9,1.62,20.38,0.67,5.1,13.35
E017,"Dates, dry, pale brown",320.3,2.45,74.91,0.35,8.95,66.63
E018,"Dates, dry, dark brown",310.9,2.38,72.67,0.35,9.1,68.84
E019,"Dates, processed",286.1,1.18,67.95,0.41,6.52,56.96
E020,Fig,81.5,2.03,16.28,0.37,4.64,8.64
E021,Goosberry,23.7,0.34,4.39,0.16,7.75,3.39
E022,"Grapes, seeded, round, black",60.7,0.76,13.23,0.32,1.35,10.02
E023,"Grapes, seeded, round, green",56.2,0.77,12.19,0.29,1.25,9.59
E024,"Grapes, seeded, round, red",58.3,0.95,12.55,0.29,1.28,10.47
E025,"Grapes, seedless, oval, black",94.4,1.41,20.48,0.46,1.64,9.19
E026,"Grapes, seedless, round, green",53.5,0.62,11.81,0.26,1.28,9.6
E027,"Grapes, seedless, round, black",89.4,1.24,19.86,0.35,1.15,10.88
E028,"Guava, white flesh",32.3,1.44,5.13,0.32,8.59,4.1
E029,"Guava, pink flesh",46.6,1.19,9.14,0.25,7.39,7.79
E030,"Jack fruit, ripe",72.2,2.74,14.01,0.15,3.62,12.21
E031,"Jambu fruit, ripe",56.2,0.82,12.3,0.17,3.07,6.84
E032,Karonda fruit,33.7,1.15,2.87,1.67,7.25,1.75
E033,"Lemon, juice",36.6,0.41,0,0.75,0,2.59
E034,"Lime, sweet, pulp",27.2,0.76,5.18,0.2,2.07,3.42
E035,Litchi,53.8,0.99,11.41,0.26,1.34,9.3
E036,"Mango, ripe, banganapalli",41.8,0.54,8.18,0.55,1.88,7.77
E037,"Mango, ripe, gulabkhas",50.0,0.52,10.32,0.53,1.67,8.13
E038,"Mango, ripe, himsagar",44.7,0.46,9.03,0.54,1.55,8.06
E039,"Mango, ripe, kesar",55.2,0.54,11.36,0.57,2.02,9
E040,"Mango, ripe, neelam",42.5,0.68,8.21,0.55,1.77,7.94
E041,"Mango, ripe, paheri",44.9,0.68,8.67,0.58,1.97,8.48
E042,"Mango, ripe, totapari",59.3,0.41,12.75,0.49,1.73,9.24
E043,Mangosteen,52.3,0.63,11.41,0.24,1.87,8.91
E044,Manila tamarind,81.7,3.56,13.54,1.14,4.4,12.13
E045,"Musk melon, orange flesh",23.2,0.42,4.24,0.35,1.51,2.99
E046,"Musk melon, yellow flesh",27.7,0.53,5.4,0.26,1.49,2.36
E047,"Orange, pulp",37.3,0.7,7.92,0.13,1.29,6.86
E048,"Palm fruit, tender",24.1,0.5,4.92,0.12,2.4,0.19
E049,"Papaya, ripe",23.9,0.42,4.61,0.16,2.83,4.09
E050,Peach,40.2,0.86,7.82,0.37,2.13,6.95
E051,Pear,37.5,0.36,8.09,0.27,4.48,7.39
E052,Phalsa,71.5,1.66,15.09,0.14,4.54,13
E053,Pineapple,43.0,0.52,9.42,0.16,3.46,8.56
E054,Plum,56.9,0.64,12.1,0.4,2.07,10.13
E055,"Pomegranate, maroon seeds",54.7,1.33,11.58,0.15,2.83,10.87
E056,Pummelo,50.2,0.68,10.64,0.42,0.8,4.38
E057,"Raisins, dried, black",305.7,2.57,71.29,0.34,3.92,61.51
E058,"Raisins, dried, golden",296.6,2.76,68.79,0.35,4.56,57.12
E059,Rambutan,73.1,0.68,16.84,0.16,1.02,15.8
E060,Sapota,73.4,0.92,13.9,1.26,9.6,12.3
E061,Soursop,62.1,0.74,11.94,0.94,4.95,9.83
E062,Star fruit,26.3,0.79,4.51,0.39,2.81,3.95
E063,Strawberry,24.6,0.97,3.4,0.56,2.5,3.56
E064,"Tamarind, pulp",288.5,2.92,67.35,0.15,5.31,52.88
E065,"Water melon, dark green (sugar baby)",20.3,0.6,3.86,0.16,0.7,3.66
E066,"Water melon, pale green",16.7,0.59,3.02,0.16,0.78,3
E067,Wood Apple,78.2,3.14,7.52,3.62,5.21,3.81
E068,Zizyphus,48.8,1.34,9.4,0.35,3.73,8.29
F001,Beet root,35.6,1.95,6.18,0.14,3.31,4.35
F002,"Carrot, orange",33.2,0.95,5.55,0.47,4.18,3.23
F003,"Carrot, red",38.2,1.04,6.71,0.47,4.49,3.96
F004,Colocasia,88.9,3.31,17.85,0.17,3.22,0.9
F005,Lotus root,79.3,1.94,14.67,0.93,4.7,0.24
F006,"Potato, brown skin, big",69.8,1.54,14.89,0.23,1.71,0.32
F007,"Potato, brown skin, small",60.9,1.35,12.9,0.22,1.69,0.44
F008,"Potato, red skin",73.1,1.83,15.43,0.22,1.68,0.38
F009,"Radish, elongate, red skin",32.0,0.67,6.71,0.13,2.46,1.15
F010,"Radish, elongate, white skin",32.3,0.77,6.56,0.15,2.65,0.95
F011,"Radish, round, red skin",31.1,0.89,6.07,0.16,2.29,0.86
F012,"Radish, round, white skin",30.8,0.8,6.13,0.14,2.37,1.16
F013,"Sweet potato, brown skin",109.0,1.33,24.25,0.26,3.99,3.63
F014,"Sweet potato, pink skin",108.0,1.27,23.93,0.33,3.94,4.03
F015,Tapioca,79.8,1.03,17.81,0.2,4.61,2.14
F016,Water Chestnut,95.6,0.86,21.46,0.37,3.02,1.95
F017,"Yam, elephant",84.4,2.56,17.46,0.14,4.17,1.58
F018,"Yam, ordinary",83.4,2.18,17.65,0.17,4.08,1.15
F019,"Yam, wild",102.8,3.07,20.95,0.3,4.57,1.54
G001,"Chillies, green-1",45.7,2.62,6.32,0.73,4.86,0.71
G002,"Chillies, green-2",39.9,2.28,5.27,0.75,5.13,1.05
G003,"Chillies, green-3",40.4,2.38,5.23,0.75,5.1,0.54
G004,"Chillies, green-4",45.4,2.33,6.63,0.74,4.15,0.62
G005,"Chillies, green-5",43.0,2.01,6.64,0.65,3.95,0.46
G006,"Chillies, green-6",41.8,3.01,5.31,0.64,5.15,0.59
G007,"Chillies, green-7",39.0,2.12,5.61,0.6,4.95,0.73
G008,"Chillies, green - all varieties",42.3,2.36,5.86,0.72,4.77,0.67
G009,Coriander leaves,31.1,3.52,1.93,0.7,4.66,0.17
G010,Curry leaves,63.6,7.41,4.51,1.06,16.83,0.6
G011,"Garlic, big clove",123.8,6.92,21.93,0.16,5.22,5.97
G012,"Garlic, small clove",122.8,6.75,21.84,0.14,5.47,4.84
G013,"Garlic, single clove, Kashmir",125.0,6.12,23.46,0.16,4.01,3.73
G014,"Ginger, fresh",55.0,2.22,8.97,0.85,5.36,1.31
G015,Mango ginger,42.3,1.45,6.98,0.7,4.74,2.42
G016,Mint leaves,37.0,4.66,2.39,0.65,5.89,0.08
G017,"Onion, big",48.0,1.5,9.56,0.24,2.45,5.88
G018,"Onion, small",56.6,1.82,11.58,0.16,1.16,5.62
G019,Asafoetida,331.5,6.34,71.95,1.26,5.13,0.93
G020,"Cardamom, green",255.0,8.1,47.76,2.6,23.1,4.28
G021,"Cardamom, black",270.6,6.69,52.53,2.8,23.46,2.3
G022,"Chillies, red",236.6,12.69,29.46,6.4,31.15,4.7
G023,Cloves,186.7,5.86,18.73,8.41,34.52,2.1
G024,Coriander seeds,268.9,10.66,12.98,17.47,44.81,2.38
G025,Cumin seeds,304.5,13.91,22.62,16.64,30.35,1.38
G026,Fenugreek seeds,234.9,25.41,10.57,5.72,47.55,0.55
G027,Mace,355.6,6.24,26.51,24.41,20.31,0.85
G028,Nutmeg,463.7,6.3,27.64,36.52,11.99,1.08
G029,Omum,357.3,15.89,24.53,21.11,20.58,2.76
G030,Pippali,216.5,10.53,35.7,2.27,34.14,2.75
G031,"Pepper, black",217.5,10.12,36.22,2.74,33.16,0.32
G032,Poppy seeds,422.6,20.31,12.37,30.38,26.68,1.85
G033,Turmeric powder,280.6,7.66,49.22,5.03,21.38,1.23
H001,Almond,609.2,18.41,3.04,58.49,13.06,2.23
H002,"Arecanut, dried, brown",350.6,5.78,70.42,4.35,11.44,1.76
H003,"Arecanut, dried, red color",353.0,6.46,70.27,4.46,11.11,1.79
H004,"Arecanut, fresh",244.7,2.73,45,5.51,7.63,4.72
H005,Cashew nut,582.7,18.78,25.46,45.2,3.86,3.11
H006,"Coconut, kernal, dry",624.0,7.27,8.01,63.26,15.88,6.93
H007,"Coconut, kernel, fresh",408.9,3.84,6.3,41.38,10.42,6.2
H008,"Garden cress, seeds",445.3,23.36,33.66,23.74,8.27,0.91
H009,"Gingelly seeds, black",507.6,19.17,10.29,43.1,17.16,0.99
H010,"Gingelly seeds, brown",516.5,21.61,9.76,43.22,17.21,1.39
H011,"Gingelly seeds, white",519.6,21.7,10.83,43.05,16.99,0.67
H012,Ground nut,520.1,23.65,17.27,39.63,10.38,4.42
H013,Mustard seeds,509.6,19.51,16.8,40.19,14.1,5.07
H014,Linseeds,443.8,18.55,10.99,35.67,26.17,0.6
H015,"Niger seeds, black",512.4,18.92,22.98,38.61,10.93,1.75
H016,"Niger seeds, gray",508.6,18.34,20.59,39.53,10.96,0.41
H017,Pine seed,594.2,12.55,26.77,48.79,3.79,4.67
H018,Pistachio nuts,539.4,23.35,15.82,42.49,10.64,7.9
H019,Safflower seeds,473.5,17.66,30.18,30.87,13.49,2.67
H020,Sunflower seeds,586.3,23.53,6.85,51.85,10.8,2.81
H021,Walnut,671.4,14.92,10.14,64.27,5.39,3.22
I001,"Jaggery, cane",353.7,1.85,84.87,0.16,0,84.32
I002,"Sugarcane, juice",57.8,0.16,13.11,0.4,0.56,12.85
J001,"Button mushroom, fresh",27.5,3.68,1.98,0.42,3.11,0.1
J002,"Chicken mushroom, fresh",21.3,1.84,2.76,0.25,1.99,0.1
J003,"Shiitake mushroom, fresh",58.1,3.19,8.98,0.76,3.02,0.2
J004,"Oyster mushroom, dried",243.5,19.04,33.07,2.86,39.12,0.68
K001,Toddy,24.1,0.18,5.72,0.03,0,5.73
K002,Coconut Water,15.3,0.26,3.16,0.16,0,3.06
L001,"Milk, whole, Buffalo",107.3,3.68,8.39,6.58,0,5.34
L002,"Milk, whole, Cow",72.9,3.26,4.94,4.48,0,4.89
L003,Paneer,257.9,18.86,12.41,14.78,0,11.57
L004,Khoa,316.0,16.34,16.53,20.62,0,16.14
M001,"Egg, poultry, whole, raw",134.8,13.28,0,9.15,0,0
M002,"Egg, poultry, white, raw",44.7,10.84,0,0.06,0,0
M003,"Egg, poultry, yolk, raw",296.8,15.74,0,26.34,0,0
M004,"Egg, poultry, whole, boiled",147.7,13.43,0,10.54,0,0
M005,"Egg, poultry, white, boiled",52.6,12.37,0,0.26,0,0
M006,"Egg, poultry, yolk, boiled",308.3,16.13,0,27.46,0,0
M007,"Egg, poultry, omlet",169.7,16.53,0,11.6,0,0
M008,"Egg, country hen, whole, raw",168.3,13.14,0,13,0,0
M009,"Egg, country hen, whole, boiled",183.3,14.43,0,14.1,0,0
M010,"Egg, country hen, omlet",204.3,14.8,0,16.3,0,0
M011,"Egg, duck, whole, boiled",176.4,13.8,0,13.61,0,0
M012,"Egg, duck, whole, raw",181.6,14.6,0,13.83,0,0
M013,"Egg, duck, whole, omlet",192.2,15.1,0,14.8,0,0
M014,"Egg, quial, whole, raw",151.8,12.39,0,11.46,0,0
M015,"Egg, quial, whole, boiled",154.6,13.03,0,11.5,0,0
N001,"Chicken, poultry, leg, skinless",383.6,19.44,0,12.64,0,0
N002,"Chicken, poultry, thigh, skinless",199.8,18.18,0,14.23,0,0
N003,"Chicken, poultry, breast, skinless",168.3,21.81,0,9,0,0
N004,"Chicken, poultry, wing, skinless",192.9,17.42,0,13.81,0,0
N005,"Poultry, chicken, liver",123.8,21.57,0,4.08,0,0
N006,"Poultry, chicken, gizzard",92.3,18.22,0,2.07,0,0
N007,"Country hen, leg, with skin",172.8,17.01,0,11.73,0,0
N008,"Country hen, thigh, with skin",187.6,18.29,0,12.82,0,0
N009,"Country hen, breast, with skin",180.0,22.08,0,10.2,0,0
N010,"Country hen, wing, with skin",182.6,18.65,0,12.09,0,0
N011,"Duck, meat, with skin",130.7,19.07,0,6.03,0,0
N012,"Emu, meat, skinless",132.9,22.65,0,4.62,0,0
N013,"Guinea fowl, meat, with skin",112.1,20.52,0,3.24,0,0
N014,"Pigeon, meat, with skin",126.2,17.94,0,6.03,0,0
N015,"Quail, meat, skinless",137.7,20.92,0,5.95,0,0
N016,"Turkey, leg, with skin",154.6,20.3,0,8.15,0,0
N017,"Turkey, thigh, with skin",138.9,20.46,0,6.31,0,0
N018,"Turkey, breast, with skin",160.4,21.96,0,8.04,0,0
N019,"Turkey, wing, with skin",184.3,21.91,0,10.77,0,0
O001,"Goat, shoulder, meat",188.1,20.33,0,11.94,0,0
O002,"Goat, chops",135.8,20.39,0,5.98,0,0
O003,"Goat, legs",159.9,22.07,0,7.94,0,0
O004,"Goat, brain",127.4,13.82,0,8.06,0,0
O005,"Goat, tongue",188.6,16.63,0,13.68,0,0
O006,"Goat, lungs",95.8,16.86,0,3.09,0,0
O007,"Goat, heart",117.6,19.38,0,4.4,0,0
O008,"Goat, liver",125.7,20.32,0,4.88,0,0
O009,"Goat, tripe",92.3,15.36,0,3.36,0,0
O010,"Goat, spleen",95.8,18.45,0,2.37,0,0
O011,"Goat, kidneys",89.4,15.6,0,2.93,0,0
O012,"Goat, tube (small intestine)",125.5,12.92,0,8.26,0,0
O013,"Goat, testis",71.2,12.32,0,2.39,0,0
O014,"Sheep, shoulder",200.8,18.24,0,14.31,0,0
O015,"Sheep, chops",118.5,18,0,5.15,0,0
O016,"Sheep, leg",164.0,21.42,0,8.69,0,0
O017,"Sheep, brain",117.6,13.05,0,7.29,0,0
O018,"Sheep, tongue",187.1,16.61,0,13.53,0,0
O019,"Sheep, lungs",86.8,16.12,0,2.41,0,0
O020,"Sheep, heart",106.4,18.19,0,3.66,0,0
O021,"Sheep, liver",133.6,22.26,0,4.87,0,0
O022,"Sheep, tripe",104.0,16.76,0,4.05,0,0
O023,"Sheep, spleen",91.8,16.02,0,3.02,0,0
O024,"Sheep, kidneys",91.8,16.22,0,2.92,0,0
O025,"Beef, shoulder",212.5,20.56,0,14.59,0,0
O026,"Beef, chops",139.8,19.82,0,6.71,0,0
O027,"Beef, round (leg)",157.3,22.64,0,7.38,0,0
O028,"Beef, brain",125.0,10.55,0,9.28,0,0
O029,"Beef, tongue",174.7,15.63,0,12.57,0,0
O030,"Beef, lungs",83.9,15.66,0,2.28,0,0
O031,"Beef, heart",103.5,17.68,0,3.57,0,0
O032,"Beef, liver",119.3,20.73,0,3.96,0,0
O033,"Beef, tripe",75.5,13.1,0,2.51,0,0
O034,"Beef, spleen",90.3,17.42,0,2.22,0,0
O035,"Beef, kidneys",104.9,17.09,0,4.01,0,0
O036,"Calf, shoulder",151.3,20.98,0,7.47,0,0
O037,"Calf, chops",125.2,22.47,0,3.85,0,0
O038,"Calf, round (leg)",147.0,21.1,0,6.92,0,0
O039,"Calf, brain",107.1,9.84,0,7.6,0,0
O040,"Calf, tongue",176.1,17.78,0,11.76,0,0
O041,"Calf, heart",109.7,18.84,0,3.75,0,0
O042,"Calf, liver",120.2,21.02,0,3.95,0,0
O043,"Calf, spleen",90.6,17.71,0,2.12,0,0
O044,"Calf, kidneys",92.5,15.16,0,3.5,0,0
O045,"Mithun, shoulder",175.9,19.05,0,11.14,0,0
O046,"Mithun, chops",128.1,18.19,0,6.12,0,0
O047,"Mithun, round (leg)",115.9,19.61,0,4.1,0,0
O048,"Pork, shoulder",237.3,17.41,0,18.83,0,0
O049,"Pork, chops",178.8,19.41,0,11.3,0,0
O050,"Pork, ham",240.4,18.83,0,18.55,0,0
O051,"Pork, lungs",85.6,15.13,0,2.74,0,0
O052,"Pork, heart",109.2,16.31,0,4.87,0,0
O053,"Pork, liver",115.7,19.89,0,3.94,0,0
O054,"Pork, stomach",131.5,15.36,0,7.81,0,0
O055,"Pork, spleen",85.3,15.13,0,2.71,0,0
O056,"Pork, kidneys",90.6,14.35,0,3.65,0,0
O057,"Pork, tube (small intestine)",140.3,14.96,0,8.98,0,0
O058,"Hare, shoulder",144.1,21.13,0,6.58,0,0
O059,"Hare, chops",106.4,20.62,0,2.55,0,0
O060,"Hare, leg",120.2,20.52,0,4.16,0,0
O061,"Rabbit, shoulder",151.8,20.01,0,7.96,0,0
O062,"Rabbit, chops",135.0,22.61,0,4.88,0,0
O063,"Rabbit, leg",139.6,21.31,0,5.99,0,0
P001,Allathi,97.0,21.77,0,0.98,0,0
P002,Aluva,103.7,21.63,0,1.8,0,0
P003,Anchovy,87.7,19.88,0,0.78,0,0
P004,Ari fish,99.2,22.01,0,1.11,0,0
P005,Betki,67.9,15.28,0,0.29,0,0
P006,Black snapper,90.1,19.5,0,1.24,0,0
P007,Bombay duck,68.6,13.53,0,1.03,0,0
P008,Bommuralu,115.9,22.3,0,2.87,0,0
P009,Cat fish,109.0,22.18,0,2.13,0,0
P010,Chakla,97.0,20.21,0,1.68,0,0
P011,Chappal,75.8,17.17,0,0.67,0,0
P012,Chelu,87.5,20.02,0,0.7,0,0
P013,Chembali,97.0,20.06,0,1.77,0,0
P014,Eri meen,108.5,22.3,0,2.02,0,0
P015,Gobro,86.5,19.37,0,0.88,0,0
P016,Guitar fish,95.6,22.56,0,0.44,0,0
P017,Hilsa,258.8,21.8,0,18.49,0,0
P018,Jallal,100.4,21.55,0,1.46,0,0
P019,Jathi vela meen,108.3,22.45,0,1.92,0,0
P020,Kadal bral,88.0,18.72,0,1.34,0,0
P021,Kadali,126.7,22.07,0,4.2,0,0
P022,Kalamaara,125.0,20.89,0,4.54,0,0
P023,Kalava,89.4,19.38,0,1.2,0,0
P024,Kanamayya,87.7,20.19,0,0.65,0,0
P025,Kannadi paarai,101.1,22.09,0,1.27,0,0
P026,Karimeen,92.3,19.68,0,1.38,0,0
P027,Karnagawala,86.8,19.52,0,0.84,0,0
P028,Kayrai,108.5,20.15,0,3,0,0
P029,Kiriyan,132.9,22.49,0,4.7,0,0
P030,Kite fish,98.7,23.07,0,0.56,0,0
P031,Korka,126.2,23.72,0,3.36,0,0
P032,Kulam paarai,119.7,21.62,0,3.6,0,0
P033,Maagaa,87.5,20.11,0,0.67,0,0
P034,Mackerel,101.1,21.51,0,1.53,0,0
P035,Manda clathi,95.1,21.27,0,1,0,0
P036,Matha,93.0,21.17,0,0.79,0,0
P037,Milk fish,105.6,23.66,0,1.09,0,0
P038,Moon fish,125.7,20.74,0,4.69,0,0
P039,Mullet,93.9,20.23,0,1.32,0,0
P040,Mural,82.5,19.04,0,0.58,0,0
P041,Myil meen,98.0,22.89,0,0.56,0,0
P042,Nalla bontha,87.0,19.82,0,0.72,0,0
P043,Narba,103.3,21.95,0,1.6,0,0
P044,Paarai,104.0,21.58,0,1.84,0,0
P045,Padayappa,86.0,19.7,0,0.69,0,0
P046,Pali kora,94.2,19.25,0,1.81,0,0
P047,Pambada,128.3,21.95,0,4.44,0,0
P048,Pandukopa,86.0,19.73,0,0.65,0,0
P049,Parava,111.6,21.5,0,2.74,0,0
P050,Parcus,86.3,19.87,0,0.62,0,0
P051,Parrot fish,89.6,20.82,0,0.57,0,0
P052,Perinkilichai,92.5,20.89,0,0.87,0,0
P053,Phopat,101.3,22.05,0,1.33,0,0
P054,Piranha,131.2,20.46,0,5.43,0,0
P055,"Pomfret, black",123.1,18.91,0,4.83,0,0
P056,"Pomfret, snub nose",89.6,21.05,0,0.46,0,0
P057,"Pomfret, white",122.6,19.02,0,5.12,0,0
P058,Pranel,96.8,19.69,0,1.89,0,0
P059,Pulli paarai,95.4,20.06,0,1.55,0,0
P060,Queen fish,95.6,20.97,0,1.17,0,0
P061,Raai fish,102.8,21.61,0,1.69,0,0
P062,Raai vanthu,98.0,19.39,0,2.17,0,0
P063,Rani,90.1,18.83,0,1.49,0,0
P064,"Ray fish, bow head, spotted",83.4,19.03,0,0.7,0,0
P065,Red snapper,104.4,22.79,0,1.34,0,0
P066,"Red snapper, small",107.8,21.5,0,2.3,0,0
P067,Sadaya,110.4,20.68,0,2.97,0,0
P068,Salmon,172.3,20.97,0,9.86,0,0
P069,Sangada,105.9,20.26,0,2.67,0,0
P070,Sankata paarai,103.7,21.87,0,1.68,0,0
P071,Sardine,152.2,17.91,0,8.99,0,0
P072,Shark,95.1,21.6,0,0.83,0,0
P073,"Shark, hammer head",103.3,23.4,0,0.8,0,0
P074,"Shark, spotted",91.8,20.95,0,0.75,0,0
P075,Shelavu,106.6,22.46,0,1.74,0,0
P076,Silan,151.3,22.72,0,6.68,0,0
P077,Silk fish,97.5,20.65,0,1.53,0,0
P078,Silver carp,132.6,21.71,0,5.17,0,0
P079,Sole fish,87.7,19.05,0,1.18,0,0
P080,Stingray,97.5,23.98,0,0.68,0,0
P081,Tarlava,98.9,21.72,0,1.2,0,0
P082,Tholam,103.3,20.78,0,2.13,0,0
P083,Tilapia,83.4,18.48,0,1.08,0,0
P084,Tuna,112.3,24.5,0,1.44,0,0
P085,"Tuna, striped",96.3,21.28,0,1.12,0,0
P086,Valava,98.0,21.8,0,1.06,0,0
P087,Vanjaram,136.2,22.28,0,5.18,0,0
P088,Vela meen,128.3,22.16,0,4.34,0,0
P089,Vora,100.9,20.14,0,2.14,0,0
P090,Whale shark,95.8,21.83,0,0.82,0,0
P091,Xiphinis,88.4,19.82,0,0.88,0,0
P092,"Eggs, Cat fish",143.4,24.68,0,5.28,0,0
Q001,Crab,82.0,10.23,0,1.41,0,0
Q002,"Crab, sea",67.6,15.36,0,0.6,0,0
Q003,"Lobster, brown",69.8,15.96,0,0.56,0,0
Q004,"Lobster, king size",89.6,18.54,0,0.78,0,0
Q005,Mud crab,45.4,10,0,0.55,0,0
Q006,Oyster,60.2,9.51,0,2.44,0,0
Q007,"Tiger prawns, brown",65.2,14.85,0,0.56,0,0
Q008,"Tiger Prawns, orange",64.5,14.25,0,0.74,0,0
R001,"Clam, green shell",58.1,12.14,0,0.98,0,0
R002,"Clam, white shell, ribbed",59.8,11.82,0,1.34,0,0
R003,Octopus,79.8,14.71,0,1.12,0,0
R004,"Squid, black",80.1,16.1,0,1.07,0,0
R005,"Squid, hard shell",76.5,16.82,0,0.93,0,0
R006,"Squid, red",78.6,16.25,0,1.44,0,0
R007,"Squid, white, small",84.4,17.41,0,1.15,0,0
S001,Cat fish,123.8,15.86,0,6.24,0,0
S002,Catla,94.2,17.94,0,2.15,0,0
S003,Freshwater Eel,107.8,20.41,0,2.63,0,0
S004,Gold fish,94.6,16.91,0,2.94,0,0
S005,Pangas,203.6,17.12,0,16.77,0,0
S006,Rohu,102.3,19.71,0,2.39,0,0
S007,Crab,78.2,13.23,0,0.89,0,0
S008,"Prawns, big",90.8,19.24,0,0.52,0,0
S009,"Prawns, small",71.0,13.07,0,0.78,0,0
S010,Tiger prawns,67.9,14.24,0,0.66,0,0
T001,Coconut oil,900.0,0,0,100,0,0
T002,Corn oil,900.1,0,0,100.01,0,0
T003,Cotton seed oil,899.9,0,0,99.99,0,0
T004,Gingelly oil,900.0,0,0,100,0,0
T005,Groundnut oil,900.0,0,0,100,0,0
T006,Mustard oil,900.0,0,0,100,0,0
T007,Palm oil,900.0,0,0,100,0,0
T008,Rice bran oil,900.0,0,0,100,0,0
T009,Safflower oil,900.1,0,0,100.01,0,0
T010,Safflower oil (blended),900.0,0,0,100,0,0
T011,Soyabean oil,900.0,0,0,100,0,0
T012,Sunflower oil,900.0,0,0,100,0,0
T013,Ghee,900.0,0,0,100,0,0
T014,Vanaspati,900.0,0,0,100,0,0
